ETYearPM25,ETYearPM10
371.015522223,1205.80044722
